Rule,EntropyMove,DataType,DescriptionData,MessageSize,AlphabetSize,GrammaticSize,CalcTime
TA -> ð¢¶º,-873.8662290760512,dna,,9181,5,1,0.41631054878234863
GC -> é’¦,-579.1534863949419,dna,,8750,6,2,0.6030104160308838
AT -> ð¤›,-574.2953257232366,dna,,8325,7,3,0.8271870613098145
CG -> ãµ‘,-420.0601849436498,dna,,8041,8,4,1.0225260257720947
CT -> ð£³´,-295.3401374411915,dna,,7700,9,5,1.3153471946716309
AG -> ð§±¡,-298.18887423037086,dna,,7339,10,6,1.6873424053192139
GA -> æ°¾,-190.41601745917433,dna,,7113,11,7,1.8270514011383057
TC -> ð¥€ž,-193.4222293665116,dna,,6865,12,8,2.2460103034973145
ð¢¶ºT -> ð¬¤¿,-151.4200575779323,dna,,6724,13,9,2.76424241065979
Að¢¶º -> ìž¾,-124.80432680759259,dna,,6606,14,10,3.0065605640411377
Cð¢¶º -> ð­ƒ,-86.69197509943115,dna,,6534,15,11,3.438570737838745
Aé’¦ -> ð¥œ,-79.41877016116996,dna,,6479,16,12,3.934800624847412
ð¢¶ºG -> ð­£½,-76.50825390650061,dna,,6406,17,13,4.3130834102630615
é’¦T -> ð¦‘£,-69.96967733355632,dna,,6351,18,14,4.6759843826293945
ð§±¡A -> ð­·»,-58.61827544258995,dna,,6291,19,15,5.200788736343384
ð¤›G -> ð­ƒ†,-59.345211257441406,dna,,6225,20,16,5.652339935302734
Tð£³´ -> ð ¶,-58.80507062503966,dna,,6170,21,17,6.095185995101929
CC -> ê‹¸,-56.59002867142044,dna,,6052,22,18,6.551074266433716
Tð¢¶º -> ç­°,-51.608606599147606,dna,,5967,23,19,7.152167320251465
Gé’¦ -> â°¬,-48.56574987469139,dna,,5928,24,20,7.650319337844849
Gð§±¡ -> ð§Ž‚,-44.16180978112243,dna,,5896,25,21,8.148940086364746
ãµ‘A -> ã©,-43.143094849281624,dna,,5844,26,22,8.587625503540039
Að¤› -> ð—¾ ,-43.79080637398147,dna,,5774,27,23,9.012794017791748
é’¦A -> é«’,-38.43582076859093,dna,,5730,28,24,10.09255862236023
ð£³´G -> ç–ª,-36.263027803754085,dna,,5689,29,25,10.59340786933899
ð§±¡T -> ð’‚†,-33.90177096433763,dna,,5637,30,26,11.219024658203125
Té’¦ -> ð‹,-32.35408815815026,dna,,5598,31,27,11.34959363937378
Tæ°¾ -> ð¦•‘,-29.5473622215286,dna,,5563,32,28,12.224418640136719
ð¢¶ºC -> ð¦‚°,-28.66809286260468,dna,,5517,33,29,12.179826021194458
Aãµ‘ -> ð¢›½,-27.452172785266157,dna,,5477,34,30,12.824735403060913
Gð¥€ž -> ð®œ“,-22.39406510912886,dna,,5433,35,31,13.099595546722412
Tð¬¤¿ -> ð¦Œ,-20.60180755482361,dna,,5416,36,32,13.393946647644043
ð¢¶ºð¤› -> à®’,-20.636389871488063,dna,,5404,37,33,13.709583282470703
Að£³´ -> âŠ®,-20.73810813395903,dna,,5357,38,34,13.986775159835815
é’¦G -> ð®,-19.96878452937017,dna,,5326,39,35,14.49776005744934
ð¤›C -> ð¢†,-17.351599529276427,dna,,5284,40,36,14.920941352844238
æ°¾A -> ð©¸Œ,-17.62273571539481,dna,,5251,41,37,16.513121366500854
Gð¬¤¿ -> ð¬¸ž,-16.11592462153203,dna,,5239,42,38,16.67849111557007
Cãµ‘ -> å¤®,-15.773025587470329,dna,,5216,43,39,18.406521558761597
ð§±¡ð¢¶º -> ã°«,-15.14756743714679,dna,,5203,44,40,17.393544673919678
ìž¾G -> á³¹,-14.948515598407539,dna,,5191,45,41,17.01417875289917
ð¬¤¿T -> ð©º½,-14.184076125988213,dna,,5173,46,42,17.250441789627075
ð¢¶ºð¥€ž -> ð¨œ­,-14.104411149750376,dna,,5163,47,43,18.619558572769165
ð¥€žA -> ð—’,-14.130476739275764,dna,,5128,48,44,19.180768489837646
ð£³´T -> êŒ²,-12.126623333206226,dna,,5086,49,45,20.563110828399658
ð¢¶ºð§±¡ -> èªš,-11.389510713721393,dna,,5071,50,46,18.96074867248535
Að¬¤¿ -> ãœ”,-11.370507629628264,dna,,5060,51,47,21.112022876739502
Tç­° -> ð‘¿’,-11.138539327843318,dna,,5049,52,48,20.573336601257324
é’¦ð¢¶º -> ðž‹§,-10.50747475818207,dna,,5040,53,49,20.678130865097046
ð¤›é’¦ -> ð’†ž,-9.851770698256587,dna,,5031,54,50,22.323253870010376
ð¢¶ºæ°¾ -> ï©œ,-9.794219797167898,dna,,5025,55,51,21.368749856948853
ð¥€žð¤› -> ð¤„‰,-9.373297711139458,dna,,5016,56,52,21.663047075271606
ð­ƒG -> ð—†¼,-9.364242325958912,dna,,5009,57,53,22.427160501480103
Gð¢¶º -> æ„,-8.922412846302905,dna,,4967,58,54,22.35447645187378
Aìž¾ -> ð—°¸,-9.044321914683678,dna,,4950,59,55,22.142055988311768
æ°¾ð¤› -> è ·,-8.916409407182073,dna,,4942,60,56,22.6413791179657
ãµ‘T -> ì°¸,-8.503507907244057,dna,,4907,61,57,22.916890382766724
ð¤›ð£³´ -> ð“†§,-8.39043630809465,dna,,4898,62,58,23.32371497154236
ð­ƒ†G -> ðŸ…¶,-7.91297384819336,dna,,4892,63,59,23.445996046066284
é’¦ð§±¡ -> ð˜ª,-7.76981423664256,dna,,4885,64,60,23.85294532775879
ð­£½G -> ð ŸŠ,-7.49596051804474,dna,,4876,65,61,24.299388647079468
ê‹¸C -> ð¬®¥,-7.281121119536692,dna,,4859,66,62,24.236191987991333
ð§±¡æ°¾ -> ð®¥ˆ,-7.027306865042192,dna,,4852,67,63,24.599026203155518
Gð­£½ -> ãŒª,-6.9881572223494,dna,,4845,68,64,27.246143341064453
ð¥œA -> ð¬»”,-6.969456583217834,dna,,4841,69,65,27.002431869506836
Tð¦‘£ -> Ñ¦,-6.817798537096678,dna,,4834,70,66,25.197219610214233
æ°¾ð§±¡ -> ì”¸,-6.670720485260972,dna,,4828,71,67,25.525593280792236
ð ¶G -> ð¢¾œ,-6.325533233473834,dna,,4823,72,68,25.793010711669922
Cð­ƒ† -> ð¤½ ,-6.183176840280794,dna,,4818,73,69,24.622973442077637
Tã© -> ð ¤¹,-6.10904333162398,dna,,4811,74,70,24.79585289955139
ð¢¶ºãµ‘ -> ð¥•¶,-6.094872678477259,dna,,4804,75,71,24.886724948883057
ç­°A -> áš,-6.035521996960597,dna,,4792,76,72,25.28533172607422
ð£³´é’¦ -> ð¢´”,-6.021557802425377,dna,,4787,77,73,25.31821084022522
Cð—¾  -> ê¸›,-5.938041294040886,dna,,4779,78,74,25.528362035751343
ìž¾C -> á‡©,-6.444907031203911,dna,,4768,79,75,26.442084312438965
ð¤›ð¥€ž -> ð–›,-5.981487365796056,dna,,4757,80,76,27.562438011169434
ð¥œT -> ð¢ ©,-5.875007616090443,dna,,4750,81,77,27.142560958862305
é«’A -> ð›£,-5.531635221217584,dna,,4746,82,78,27.308477878570557
ð ¶T -> ð©ƒ¿,-5.528772664762073,dna,,4739,83,79,27.321224451065063
Gð­·» -> ð—‰—,-5.468039236166078,dna,,4731,84,80,27.501054763793945
ð¤›ê‹¸ -> ð¦”™,-5.392428202248993,dna,,4726,85,81,27.666486263275146
ð§±¡ð§±¡ -> äœ«,-5.397518846155435,dna,,4716,86,82,30.44316554069519
ð¥€žãµ‘ -> ðŸŸ•,-5.1888357062453,dna,,4713,87,83,30.36788511276245
Cð’‚† -> æº¯,-5.175802332581952,dna,,4710,88,84,29.837413787841797
Gð­ƒ† -> ð©©®,-5.157736594173912,dna,,4703,89,85,28.988430500030518
Aç–ª -> à¤½,-5.10760056572326,dna,,4699,90,86,29.409842252731323
æ°¾é’¦ -> ä¬¥,-5.054987146646454,dna,,4694,91,87,28.694836616516113
Cð¬¤¿ -> â…¨,-4.892163681386592,dna,,4683,92,88,30.825576305389404
ð­ƒC -> ð”˜†,-5.0888827738162945,dna,,4676,93,89,30.44110631942749
Gð¦‘£ -> ð“‚€,-4.504949014044541,dna,,4670,94,90,29.66576910018921
ãµ‘é’¦ -> ð¦¾¤,-4.481352219328983,dna,,4668,95,91,30.301111698150635
Tì°¸ -> ð¡«¾,-4.435205235531612,dna,,4664,96,92,30.790024757385254
ð¥œG -> æ¬,-4.400483114859526,dna,,4659,97,93,31.77152371406555
ð¥€žé’¦ -> ð ¤“,-4.36731162680735,dna,,4653,98,94,29.85456919670105
ð£³´ð£³´ -> ð©§©,-4.2337231345591135,dna,,4646,99,95,30.65008234977722
ð‹G -> ð®«§,-4.099500287491537,dna,,4642,100,96,31.28187084197998
ð£³´ãµ‘ -> è¿˜,-4.066115410831117,dna,,4637,101,97,30.643306732177734
â°¬G -> ðŸ–¬,-4.048974070985423,dna,,4633,102,98,2298.9714727401733
ã©C -> ð¬€ˆ,-4.034937806580274,dna,,4629,103,99,31.338346481323242
Cð¤› -> æ‹Ÿ,-4.663782483046816,dna,,4602,104,100,29.717140436172485
ìž¾ð¢¶º -> å„Ž,-4.032116180187586,dna,,4599,105,101,30.26495885848999
ð¢¶ºé’¦ -> ð§‹·,-4.352238305618812,dna,,4591,106,102,32.8265061378479
Tð ¶ -> é»,-3.9655810591466434,dna,,4584,107,103,34.7570104598999
ð¦‘£T -> ð©¿½,-4.510445058702317,dna,,4578,108,104,32.02252268791199
Gæ„ -> ð¥º´,-3.9272952192332014,dna,,4573,109,105,31.041306734085083
ð§Ž‚T -> æ²,-3.7804153459946974,dna,,4569,110,106,31.015726566314697
ãµ‘æ°¾ -> ã—ƒ,-3.7562586632593593,dna,,4564,111,107,33.61112999916077
Gð¦‚° -> ç¼¯,-3.7651213110948447,dna,,4558,112,108,31.95634365081787
ð¦•‘A -> ð¥¦¼,-3.6066142484924057,dna,,4553,113,109,31.324199438095093
ð£³´ð¥€ž -> ð£ ,-3.608235568914097,dna,,4547,114,110,31.753740787506104
ð¤›ð¬¤¿ -> íˆ,-3.454809680024482,dna,,4545,115,111,31.787298440933228
ê‹¸é’¦ -> ä¤ž,-3.441480046702054,dna,,4543,116,112,31.68478512763977
é’¦C -> ð«—,-4.165762653025013,dna,,4528,117,113,33.48123908042908
ð§±¡é’¦ -> å‰„,-3.8938228058359527,dna,,4523,118,114,33.395493268966675
Cð¢† -> ë€¸,-3.450169923788053,dna,,4520,119,115,32.21061086654663
ð¢›½G -> è©“,-3.4247658760941704,dna,,4515,120,116,32.45019459724426
ìž¾ð§±¡ -> ð£ƒ‚,-3.343546762393089,dna,,4513,121,117,32.56493854522705
ê‹¸ãµ‘ -> ð¡££,-3.2733421202283353,dna,,4511,122,118,32.4564311504364
ç–ªT -> ð¨Ÿ,-3.258766083195951,dna,,4505,123,119,32.4889075756073
ð§±¡ìž¾ -> ð­Œ•,-3.2302436285644944,dna,,4503,124,120,32.67733025550842
Cé«’ -> ð¥•·,-3.20232370188387,dna,,4500,125,121,32.94284772872925
ð—¾ ð¢¶º -> ð ‡,-3.0835004605323775,dna,,4498,126,122,32.774101972579956
ã©A -> ìª˜,-3.084369593874726,dna,,4491,127,123,32.81303119659424
Gð§Ž‚ -> ê© ,-3.056550597826572,dna,,4489,128,124,32.86184501647949
ð¥œC -> ä¨‘,-3.053572953107505,dna,,4486,129,125,33.18195915222168
ð ¶C -> è›˜,-2.981469184625894,dna,,4484,130,126,33.029985427856445
ð¢¶ºê‹¸ -> ð¦½›,-2.8216983207821613,dna,,4478,131,127,34.90619659423828
ð¥€žìž¾ -> ç‚©,-2.7722220088980976,dna,,4476,132,128,35.13166379928589
ð­ƒA -> é“–,-2.748200280519086,dna,,4465,133,129,34.760152101516724
Að’‚† -> ð¤¯‚,-3.655416261502978,dna,,4457,134,130,35.01075577735901
ð®œ“A -> ðª£‰,-3.3100717431516387,dna,,4450,135,131,35.10723567008972
ç­°ð¤› -> ð¬¿‡,-2.758249851751316,dna,,4447,136,132,35.34553551673889
ð¢¶ºð­£½ -> ð¢›·,-2.7209781292294792,dna,,4445,137,133,35.37749528884888
æ°¾ð¬¤¿ -> ìŸµ,-2.680799597495934,dna,,4443,138,134,36.04333567619324
ð¢¶ºð¬¤¿ -> ð¨­­,-2.6166577814001357,dna,,4442,139,135,35.548235177993774
ð¦‘£G -> ï¦¼,-2.592348615737137,dna,,4437,140,136,35.47994089126587
é’¦ê‹¸ -> ð®‡,-2.583141391751269,dna,,4435,141,137,35.61030387878418
ê‹¸ð£³´ -> ð©Ž,-2.8843602333909075,dna,,4432,142,138,35.83463716506958
ìž¾ð£³´ -> ð®¤²,-2.4736988210715936,dna,,4430,143,139,35.67298698425293
ð­£½ð§±¡ -> ð­´©,-2.4073268679348985,dna,,4428,144,140,35.801942110061646
ç­°ð¢¶º -> ð¨ƒŽ,-2.3575196775855147,dna,,4425,145,141,34.351054191589355
ð¬¤¿ð£³´ -> ð¡ª ,-2.3405892988157575,dna,,4423,146,142,34.609557151794434
Cð® -> ð¯¦©,-2.3043796151760034,dna,,4422,147,143,37.555649757385254
ãµ‘ð¥€ž -> ð«€‹,-2.3050276696230867,dna,,4416,148,144,36.0958685874939
æ°¾ìž¾ -> ï«“,-2.278341755227302,dna,,4415,149,145,36.24862504005432
ð­·»ð¤› -> Í‚,-2.264309942664113,dna,,4414,150,146,36.449037075042725
ð­£½ð¢¶º -> ð— ‚,-2.224134072785091,dna,,4413,151,147,36.43246412277222
ð£³´ð¬¤¿ -> ð‘²¦,-2.207166712174512,dna,,4411,152,148,36.48853325843811
ð­·»ð§±¡ -> ð§¬§,-2.155822766300844,dna,,4409,153,149,36.40990400314331
ð—¾ ð¥€ž -> ã‰—,-2.129664764932386,dna,,4407,154,150,36.757800579071045
ð¥€žð§±¡ -> ð ²·,-2.57773119916601,dna,,4400,155,151,36.952332735061646
Tð¦Œ -> ð¨‘»,-2.126614638698811,dna,,4398,156,152,36.66991901397705
Að­·» -> ð§©’,-2.118929575448419,dna,,4389,157,153,36.947511434555054
Gð ¶ -> è’“,-2.130112443031976,dna,,4384,158,154,37.16977834701538
ìž¾ãµ‘ -> ì®œ,-2.107561699423968,dna,,4382,159,155,37.183838844299316
ð¢¶ºð­ƒ -> ð¨¥”,-2.0495209172913746,dna,,4381,160,156,37.314459562301636
Cç–ª -> ð¢–…,-2.021586699094769,dna,,4378,161,157,37.19499135017395
Að©º½ -> è ž,-2.006904600038979,dna,,4376,162,158,37.13218569755554
ãµ‘ìž¾ -> ð­º,-1.9660699997402844,dna,,4374,163,159,37.44878554344177
ð—°¸A -> ðªƒ’,-1.9564447963166458,dna,,4373,164,160,37.22896647453308
ð¤›ð­£½ -> ð¡Ž,-1.9373899158272252,dna,,4370,165,161,40.375948429107666
ð­£½T -> è”´,-3.2373952468842617,dna,,4361,166,162,40.2532696723938
ð§±¡ð­ƒ† -> ð«“¬,-1.9278670607491222,dna,,4360,167,163,40.336307764053345
é’¦æ°¾ -> ð«‡,-1.9139040365735127,dna,,4355,168,164,41.11468029022217
â°¬A -> ð—€º,-1.9132937461945403,dna,,4349,169,165,37.27402114868164
ç­°ð£³´ -> ð²‰,-1.8989769234976848,dna,,4348,170,166,39.34098219871521
ð¦‚°ð¤› -> Ò„,-1.865035332091793,dna,,4347,171,167,39.95489192008972
ð—¾ ð£³´ -> èˆ…,-1.8358752974418167,dna,,4345,172,168,38.52463984489441
å¤®G -> Ñ€,-1.82906767402892,dna,,4342,173,169,38.105276346206665
Aå¤® -> å¿–,-2.282835742120369,dna,,4340,174,170,37.91848278045654
æ°¾ê‹¸ -> ð—»³,-1.8313806426049268,dna,,4336,175,171,38.041104555130005
ð¤›êŒ² -> ð¦­‚,-1.8162019876144768,dna,,4334,176,172,38.0369074344635
ð¢¶ºð¦‚° -> ð °¥,-1.782939187472948,dna,,4333,177,173,38.08855056762695
Að¬®¥ -> ð˜†§,-1.776824817781744,dna,,4331,178,174,38.29718995094299
ç­°ãµ‘ -> ð©¯ˆ,-1.7671597859480244,dna,,4330,179,175,38.36733961105347
é’¦ìž¾ -> ð¡°¶,-1.756412209255359,dna,,4329,180,176,38.135493516922
Að¢›½ -> ð«›„,-1.731193183513824,dna,,4323,181,177,38.20982003211975
ð¢›½T -> ç›­,-2.253943407049519,dna,,4318,182,178,38.35735845565796
ð®œ“ð¤› -> à®¤,-1.731416820686718,dna,,4317,183,179,38.770251750946045
ð¬¤¿ð¢¶º -> ð¦š®,-1.7090518692893966,dna,,4313,184,180,38.66249871253967
ð¥œð¤› -> ð—–•,-1.6829897280840669,dna,,4312,185,181,38.56504535675049
ð§±¡ð­·» -> ð¯¥•,-1.6668128375458764,dna,,4311,186,182,38.74543118476868
ð¢¶ºé«’ -> ðž¥‘,-1.6621195981424535,dna,,4310,187,183,38.43997883796692
ç­°ð¥€ž -> å‚¸,-1.6505831413269334,dna,,4308,188,184,38.82506012916565
ð­ƒæ°¾ -> ã­—,-1.6393716922138992,dna,,4307,189,185,39.06850719451904
ð§±¡ð¢† -> ìž¨,-1.6201307301853376,dna,,4306,190,186,38.5555784702301
âŠ®ð¥€ž -> ðŸ¥ ,-1.617214607882488,dna,,4305,191,187,38.51594376564026
æ°¾ð­ƒ -> å’“,-1.5949558137435815,dna,,4304,192,188,38.66269278526306
ìž¾ð¤› -> ð ©·,-1.5750916413890081,dna,,4300,193,189,38.49093675613403
ð‹ð¢¶º -> å–¹,-1.573969728895463,dna,,4299,194,190,38.951987504959106
ð¬¸žT -> ð¤‘,-1.5668405031174188,dna,,4298,195,191,38.806851387023926
Að—°¸ -> è¡²,-1.550509357228293,dna,,4296,196,192,38.79339361190796
ð¢¶ºð’‚† -> ã¾,-1.5456656547939929,dna,,4294,197,193,38.670024156570435
ð—¾ ãµ‘ -> í‚®,-1.5417792434964213,dna,,4292,198,194,38.965158462524414
ð­ƒð§±¡ -> ç“±,-1.535000909203518,dna,,4290,199,195,38.91140103340149
ãµ‘ð­ƒ† -> é±±,-1.5076828592355014,dna,,4289,200,196,39.09825801849365
ð­ƒ†ð¢¶º -> ð¢³ˆ,-1.8472180879507505,dna,,4287,201,197,39.17487645149231
ð¥€žð­ƒ† -> èŒµ,-1.5135036890133051,dna,,4286,202,198,39.829832315444946
ê‹¸ð¬¤¿ -> ð’‡¾,-1.5051719475704886,dna,,4285,203,199,39.242271184921265
ð§±¡é«’ -> ð§˜“,-1.4758466158127703,dna,,4284,204,200,39.11536502838135
ç­°ð§±¡ -> çŸ®,-1.9626863217636128,dna,,4282,205,201,39.06288170814514
ð¢¶ºð©¸Œ -> ð¢›,-1.440020844922401,dna,,4281,206,202,39.066014766693115
ð§Ž‚G -> ð›ˆŽ,-1.4380906662845518,dna,,4277,207,203,39.03375816345215
ð¥œð§±¡ -> ð €³,-1.4018393655205728,dna,,4276,208,204,39.225340127944946
ð£³´êŒ² -> Â»,-1.3919134594034404,dna,,4275,209,205,39.4003221988678
ð’‚†æ°¾ -> âŒ½,-1.3826053899938415,dna,,4274,210,206,39.246734619140625
ð®ð¤› -> ð˜ †,-1.377805638105201,dna,,4273,211,207,39.88745355606079
Aã© -> ð¥˜œ,-1.3764820695723756,dna,,4267,212,208,39.8005428314209
âŠ®C -> ð—¨†,-1.3825522582337726,dna,,4261,213,209,39.30929708480835
Cð­ƒ -> ð¡»¥,-1.7092231468159298,dna,,4256,214,210,39.41166090965271
ð¦•‘ð¤› -> ð¤–¿,-1.3734407058509532,dna,,4255,215,211,39.65889358520508
ì°¸G -> ì™—,-1.3745199737895746,dna,,4250,216,212,39.78007245063782
ê‹¸ð—¾  -> è¾¶,-1.3694578348149662,dna,,4249,217,213,39.90816950798035
ð¥€žð­·» -> ð µ®,-1.3361775565062999,dna,,4248,218,214,39.92013478279114
ð¤›ð ¶ -> ð¤³¹,-1.3158667269235593,dna,,4247,219,215,40.49679970741272
ð¥€žð¦‚° -> ð§³“,-1.2847425335567095,dna,,4246,220,216,40.06314015388489
ð§±¡ð¥€ž -> ð§‹¼,-1.7493285164928238,dna,,4240,221,217,96.26051020622253
Gà®’ -> ð—²‹,-1.2802578980845283,dna,,4239,222,218,100.19367551803589
à®’T -> åƒ©,-1.4522399659945222,dna,,4238,223,219,99.5216109752655
ãµ‘ð­£½ -> ð®¡¥,-1.2748618472724047,dna,,4237,224,220,98.57180905342102
ð¤›ç–ª -> ð£“Ž,-1.2574638761107053,dna,,4236,225,221,102.46282958984375
ð¦•‘ð¢¶º -> ð›ˆ¶,-1.2550969371186511,dna,,4235,226,222,101.35061550140381
ð¢¶ºìž¾ -> ð˜‰«,-1.8297881086618872,dna,,4232,227,223,99.0199842453003
ð®œ“ð¢¶º -> é°·,-1.5284308290720219,dna,,4231,228,224,102.12647914886475
ìž¾ð¥€ž -> ðŸ¦ƒ,-1.3572991811379325,dna,,4229,229,225,99.54425597190857
Aãœ” -> ð—· ,-1.2541025199789146,dna,,4228,230,226,96.99705934524536
ð‘¿’A -> ð¯£ª,-1.2503567834937712,dna,,4227,231,227,97.84754157066345
æ°¾é«’ -> ð¢„º,-1.2270150473013928,dna,,4226,232,228,97.9775903224945
Cð«— -> ð¡µ•,-1.2125847477473144,dna,,4225,233,229,86.81167078018188
ð©¸Œð§±¡ -> ð¤¿³,-1.20189331954316,dna,,4224,234,230,85.95365786552429
ð£³´ð—’ -> ð¦€¾,-1.2004270040124538,dna,,4223,235,231,86.71711349487305
ç–ªð¤› -> ð–­¥,-1.1981072222188232,dna,,4222,236,232,86.72923374176025
ð¢†ãµ‘ -> ð¡„ ,-1.190166679876711,dna,,4221,237,233,86.74274706840515
â…¨G -> ð§ª½,-1.1510176539377426,dna,,4220,238,234,86.87306952476501
Tð ŸŠ -> ê´¢,-1.1500264171081653,dna,,4219,239,235,86.44430685043335
ð¤„‰T -> ð¥¼Ž,-1.146806155295053,dna,,4218,240,236,86.64747285842896
ð‹ð£³´ -> ð˜†±,-1.1460326918422652,dna,,4217,241,237,86.89944696426392
ð§±¡ð¦‘£ -> ð©¿™,-1.1453139594523236,dna,,4216,242,238,91.87509083747864
ãµ‘ð¦‚° -> è›,-1.1378740195505088,dna,,4215,243,239,100.37726950645447
Tãµ‘ -> ð¨²«,-1.5261781682202127,dna,,4195,244,240,101.37755799293518
Gð¨²« -> ìœˆ,-2.0179787607958133,dna,,4193,245,241,65.82385325431824
ð¥œð£³´ -> è©½,-1.140465680793568,dna,,4192,246,242,40.34618306159973
ð­ƒð¥€ž -> ð—½,-1.1305980004799494,dna,,4191,247,243,40.05980968475342
Gð¦Œ -> ç™•,-1.1207608316071855,dna,,4189,248,244,41.046104192733765
ð—°¸C -> ð«ƒ·,-1.116318351821974,dna,,4188,249,245,41.13943862915039
é’¦ð­£½ -> ð  ‚,-1.1121877466939623,dna,,4187,250,246,41.25131058692932
é’¦ð­·» -> ðž² ,-1.0577863679791335,dna,,4186,251,247,42.182206869125366
ð¢¶ºç–ª -> ð¦“‰,-1.0553834059210203,dna,,4185,252,248,42.142277240753174
ð§±¡ð® -> å‡,-1.045566577122372,dna,,4184,253,249,40.34514331817627
ê‹¸ð­ƒ† -> ð£´·,-1.0407156688052055,dna,,4183,254,250,39.71673130989075
ð¢›½ð¤› -> ìƒ¿,-1.0277177652496903,dna,,4182,255,251,39.26055121421814
ð—¾ é’¦ -> ì›…,-1.0113937108362734,dna,,4180,256,252,39.20648193359375
ð¤›é«’ -> ð­«µ,-1.0046131819690345,dna,,4178,257,253,39.240742683410645
é«’ð£³´ -> ð¢¼³,-1.0425360081244435,dna,,4177,258,254,39.780983209609985
Cð—°¸ -> ð¤…³,-1.0035304550256114,dna,,4176,259,255,39.875629901885986
Gð¨œ­ -> ð§°,-0.9998440171657421,dna,,4175,260,256,39.57820105552673
ð¦•‘ð§±¡ -> ðª¬‚,-0.9844852047353925,dna,,4174,261,257,39.46884822845459
Gð¦•‘ -> ä½ž,-1.539624631703191,dna,,4170,262,258,39.94417858123779
æ„é’¦ -> ð ­³,-0.9731291891548608,dna,,4169,263,259,41.779139041900635
Að§©’ -> ð’ƒ,-0.9613927889986371,dna,,4168,264,260,39.97789001464844
ð­ƒ†æ°¾ -> ð­Š‘,-0.9514561927280738,dna,,4166,265,261,40.95400023460388
ìž¾ð¬¤¿ -> ì¥œ,-0.950370812901383,dna,,4165,266,262,41.129401206970215
ð¦‘£ð£³´ -> ð­‡€,-0.937959984603367,dna,,4164,267,263,41.41500401496887
ð¦‚°é’¦ -> ëº,-0.9175324578063737,dna,,4163,268,264,41.14128589630127
á³¹T -> ð¦µŠ,-0.9165444734353514,dna,,4161,269,265,41.6494574546814
ã°«A -> ð¦…–,-0.9096512305768556,dna,,4159,270,266,44.189019441604614
Aê‹¸ -> ð¢ˆ›,-1.357408566520462,dna,,4145,271,267,41.25162434577942
ê‹¸ìž¾ -> ð¯¥š,-0.9787013911736722,dna,,4144,272,268,41.47398376464844
ð—¾ ê‹¸ -> ð©‚“,-0.9545959023962496,dna,,4143,273,269,42.07643127441406
ð¥€žð—¾  -> ð„”,-1.0979170116916066,dna,,4141,274,270,41.59720325469971
Tð¤„‰ -> ð¡¢,-0.9084651025223138,dna,,4140,275,271,41.87480115890503
ãµ‘ð¢¶º -> â°¾,-0.9100504799753253,dna,,4135,276,272,41.545894145965576
ášC -> ð­¶¶,-0.8918832700073835,dna,,4134,277,273,41.62819480895996
Cð¦‘£ -> ðª¥¸,-1.6600379798801441,dna,,4131,278,274,41.825825214385986
ð®æ°¾ -> ë¹§,-0.8913489243168442,dna,,4130,279,275,42.09657382965088
ð¢¶ºð® -> ð ±,-1.059641093328537,dna,,4129,280,276,43.3998007774353
ð£³´â°¬ -> ð§³…,-0.8861546785883547,dna,,4128,281,277,41.85613250732422
ç­°ð¬¤¿ -> ð™¼,-0.8811347621776804,dna,,4127,282,278,41.56022334098816
ð®œ“é’¦ -> ê„’,-0.871373670797766,dna,,4126,283,279,41.6247284412384
ð¥€žé«’ -> ì¸Š,-0.8468227643170394,dna,,4125,284,280,42.159114599227905
Gð“†§ -> ð¡¶¸,-0.8344704650407948,dna,,4124,285,281,42.02509546279907
Gð’†ž -> ð—° ,-0.8302835096365015,dna,,4123,286,282,42.074992656707764
æ‹Ÿæ°¾ -> ê›€,-0.8265561943371722,dna,,4122,287,283,42.21534514427185
é’¦ð—’ -> ð¡ƒ©,-0.8126503315434093,dna,,4121,288,284,42.145665407180786
ð—’A -> ð¦¶,-0.7770192405332637,dna,,4115,289,285,42.238935708999634
Tð—’ -> ä±¡,-1.4565221002558246,dna,,4110,290,286,42.445098876953125
æ°¾æ‹Ÿ -> ä¶ƒ,-0.7613265130130458,dna,,4109,291,287,42.561933755874634
ð¥œé’¦ -> ð§º™,-0.7552208847992006,dna,,4108,292,288,42.32256054878235
ð¢†ð§±¡ -> ì­¥,-0.7534586719339131,dna,,4106,293,289,42.16523313522339
æ°¾âŠ® -> ë¤œ,-0.7082094723009504,dna,,4104,294,290,42.072646617889404
Tðª£‰ -> ïº™,-0.6917388868350827,dna,,4103,295,291,42.35549473762512
â°¬ð¥€ž -> é”¤,-0.6892855194928416,dna,,4102,296,292,42.52142691612244
Gâ°¬ -> ð¦¹­,-1.5311983211540792,dna,,4098,297,293,42.495116233825684
ð¢ ©T -> ð¡–°,-0.6900026993243955,dna,,4097,298,294,42.412200927734375
ð©©®T -> ð¬¿¡,-0.6864973561096122,dna,,4096,299,295,42.443177700042725
Tð ²· -> êƒ­,-0.682981756683148,dna,,4095,300,296,42.491177558898926
ð ¶ð¥€ž -> à¸Ž,-0.6757069506384141,dna,,4094,301,297,42.456801414489746
æ„ãµ‘ -> ðª‰Ž,-0.6700776859652251,dna,,4093,302,298,42.380450963974
æ°¾ç–ª -> ð¦£±,-0.665862019515771,dna,,4092,303,299,42.40696716308594
ð¥€žã© -> ð‘ †,-0.6601813198431046,dna,,4091,304,300,42.34855604171753
ìž¾ð—¾  -> ë©,-0.6437946098849352,dna,,4090,305,301,42.35420203208923
ð¦ŒG -> å£¢,-0.6277033621990995,dna,,4088,306,302,42.33185839653015
Gèªš -> ð˜¡ƒ,-1.0562333772577404,dna,,4086,307,303,42.42522668838501
ð§Ž‚ð§±¡ -> ð­²‚,-0.6207204465354152,dna,,4085,308,304,42.68090033531189
ð¦‚°ãµ‘ -> ð©¦˜,-0.6104940683071618,dna,,4084,309,305,42.6381254196167
Cäœ« -> æ³º,-0.6102437754198036,dna,,4083,310,306,42.712276220321655
ð£³´ç–ª -> ð—Ÿ,-0.6092618515504,dna,,4082,311,307,42.75658178329468
Tð¬¸ž -> ð˜ª¸,-0.6055560897002579,dna,,4080,312,308,42.66483736038208
ð¬¸žG -> â†½,-0.8042744389276777,dna,,4079,313,309,42.745009899139404
Gð¬¸ž -> ð§…,-0.6191345768384053,dna,,4078,314,310,42.63635301589966
ð‘¿’C -> ð§‰»,-0.6063788227584155,dna,,4077,315,311,42.76048254966736
ð¨²«ð¤› -> ã™¶,-0.6065688952257915,dna,,4076,316,312,42.709248065948486
ç­°é’¦ -> Õ·,-0.6034296415200515,dna,,4074,317,313,42.61184096336365
Cãœ” -> ð—¸—,-0.6017835444908997,dna,,4073,318,314,42.590601682662964
æ°¾êŒ² -> â˜¬,-0.5677411631659197,dna,,4071,319,315,42.730733156204224
ð§±¡ð§Ž‚ -> ð›½,-0.5438180009186908,dna,,4070,320,316,42.878578424453735
ð¥€žð® -> ð˜·,-0.5422363898542244,dna,,4069,321,317,42.68801259994507
êŒ²ð¥€ž -> íšŸ,-1.0430642219362198,dna,,4068,322,318,42.955347537994385
ð¦•‘ð£³´ -> ð¡£Œ,-0.5369533343728108,dna,,4067,323,319,40.87504482269287
ð—¾ ç­° -> ð©¸²,-0.5313851646133116,dna,,4066,324,320,40.736552238464355
Að”˜† -> ð«ª•,-0.512241377706232,dna,,4065,325,321,40.80026817321777
ð¥€žð¦‘£ -> ð¤›¨,-0.509861428901786,dna,,4064,326,322,40.83621668815613
ð ¤¹A -> Þª,-0.5085528107774735,dna,,4063,327,323,40.74012780189514
ç–ªæ°¾ -> ç¦‹,-0.5085129781546129,dna,,4062,328,324,41.20485973358154
å¤®ð¢¶º -> ë“ƒ,-0.4727237671868352,dna,,4061,329,325,40.80810070037842
ç­°ð—¾  -> ç¿Ž,-0.4707845773664303,dna,,4060,330,326,40.87948131561279
âŠ®ð£³´ -> ð¦³,-0.46978616868000245,dna,,4058,331,327,40.769726514816284
ð’‚†T -> ä°¨,-0.45885546710633207,dna,,4050,332,328,40.82581639289856
ä°¨G -> ëŽ,-0.6247301021940075,dna,,4049,333,329,40.95651173591614
CâŠ® -> êˆŽ,-0.4436275340813154,dna,,4044,334,330,41.05286645889282
ð—¾ C -> ð­¾,-0.7201996805633826,dna,,4038,335,331,41.115076541900635
Cð¥œ -> é‚­,-0.7598611072535277,dna,,4034,336,332,41.16326403617859
Gð®œ“ -> ê‡,-0.45539464234752813,dna,,4028,337,333,41.26699090003967
é’¦ã© -> ë“‡,-0.4332552103951457,dna,,4027,338,334,41.44504690170288
Tê‡ -> ð‘’¦,-0.4226752927461348,dna,,4026,339,335,41.605717182159424
ð¨ŸT -> ð¬†“,-0.4190372466255212,dna,,4025,340,336,41.36623167991638
ðŸ…¶T -> ð¦º,-0.4153881886959425,dna,,4024,341,337,41.41278648376465
ð—†¼G -> ðª‰ƒ,-0.39388565923582064,dna,,4023,342,338,41.38055729866028
Gé» -> ð§¹ž,-0.3894191948529624,dna,,4022,343,339,41.44405221939087
é«’ãµ‘ -> ð¤´œ,-0.38515999873925466,dna,,4021,344,340,41.415006160736084
GãŒª -> ð¬›·,-0.3852954178219079,dna,,4020,345,341,41.99561834335327
ð˜ªG -> ð„­,-0.38079672952881083,dna,,4019,346,342,41.45806360244751
ð©ƒ¿G -> ã·¹,-0.37628171889082296,dna,,4018,347,343,41.56104636192322
Tð©ƒ¿ -> ð­¢Ž,-0.4138810662261676,dna,,4017,348,344,41.48726272583008
ð¢†ð¬¤¿ -> ð¢»Ÿ,-0.3738421835223562,dna,,4016,349,345,41.49923253059387
ð¬¤¿ç­° -> è…­,-0.7151982802242856,dna,,4015,350,346,41.55278491973877
ð¢›½ð¥€ž -> ë¢µ,-0.32973816697631264,dna,,4014,351,347,41.64703035354614
ð£³´ð§Ž‚ -> ð««‹,-0.3041815475517069,dna,,4013,352,348,42.941282749176025
ášA -> ð©—º,-0.2816628244618187,dna,,4011,353,349,43.56330919265747
Að—¨† -> ì,-0.27264223338715965,dna,,4010,354,350,44.124937772750854
Að§‹¼ -> ðŸ¦®,-0.2685492381824588,dna,,4009,355,351,43.65810990333557
Að¢ © -> äŽ”,-0.2644425469916314,dna,,4008,356,352,43.62349534034729
ð­·»ìž¾ -> ð®­µ,-0.2638749610669038,dna,,4007,357,353,43.70861530303955
ð¤›ì°¸ -> ð¢£,-0.2588648849450692,dna,,4005,358,354,43.93317198753357
ð¥€žð¢›½ -> â½š,-0.2501424351212336,dna,,4004,359,355,44.35472321510315
Aã°« -> ç¹¢,-0.24354532857978484,dna,,4002,360,356,44.27114248275757
å¤®ð§±¡ -> í”£,-0.2416368988051545,dna,,4001,361,357,43.904125928878784
ð¬¤¿ð‹ -> ð©—µ,-0.2404873165723984,dna,,4000,362,358,44.18399262428284
Aé“– -> ð ¶¬,-0.228396192072978,dna,,3998,363,359,44.077399015426636
é“–A -> á¨¢,-0.8750548838070245,dna,,3997,364,360,44.17143273353577
ð¢ˆ›ð¤› -> çŽž,-0.22708094193512807,dna,,3996,365,361,44.48424029350281
ð­ƒ†ç­° -> ð¬ˆ‡,-0.22518865149686462,dna,,3995,366,362,44.41041374206543
ãµ‘ð ¶ -> ç®¹,-0.2179434822210169,dna,,3994,367,363,44.112159967422485
ð ¶é’¦ -> æ¸–,-0.37074762252814253,dna,,3993,368,364,44.085582971572876
ð¥œð¢¶º -> Þ£,-0.2094074738197378,dna,,3991,369,365,44.43471956253052
Cð“†§ -> ð«¦,-0.1902915583268623,dna,,3990,370,366,44.20294189453125
ê‹¸ê‹¸ -> ð¡™–,-0.18995973281562328,dna,,3988,371,367,44.21571087837219
ð­ƒê‹¸ -> ì²Š,-0.3725716432854824,dna,,3987,372,368,44.365657329559326
ê‹¸A -> è‡†,-0.29175204134662636,dna,,3977,373,369,44.39406108856201
ð£³´ð­ƒ -> ð—‚©,-0.1927626947108365,dna,,3975,374,370,44.785887718200684
Cð§©’ -> ðœŸ,-0.1896181983393035,dna,,3974,375,371,44.89998698234558
é“–C -> ð­³—,-0.18348258400146733,dna,,3973,376,372,44.60737752914429
ð‹ð¬¤¿ -> ð‘¡,-0.17830658496677643,dna,,3972,377,373,43.687541007995605
ð¬¤¿êŒ² -> ð­¨,-0.3234040364259272,dna,,3971,378,374,42.319889307022095
é’¦ð¬¤¿ -> ã¢‹,-0.6426223966518592,dna,,3969,379,375,42.29914903640747
âŠ®é’¦ -> ð¥¥Ÿ,-0.5788492452702485,dna,,3968,380,376,42.58168315887451
é’¦é’¦ -> á›·,-0.2342126153780555,dna,,3965,381,377,42.42421555519104
ð‹é’¦ -> ë¢“,-0.43165735338334343,dna,,3964,382,378,42.54782962799072
é’¦ð®œ“ -> à± ,-0.260085780195368,dna,,3963,383,379,45.27903485298157
Cð¤¯‚ -> ð£™˜,-0.1809539389105339,dna,,3962,384,380,44.975236654281616
ê¸›C -> ð ¸—,-0.1747603446310677,dna,,3961,385,381,44.66128325462341
ð§±¡ð©º½ -> ð…“,-0.1525278349436121,dna,,3960,386,382,43.911011695861816
ð©¿½G -> è¤,-0.15115511967451312,dna,,3959,387,383,42.56006360054016
Gð ¤¹ -> ð£©…,-0.14661239265115,dna,,3958,388,384,43.18519449234009
ð“‚€G -> ðª•,-0.1420530105715443,dna,,3957,389,385,43.86723351478577
Tè’“ -> ð¬™·,-0.14143039773989585,dna,,3956,390,386,44.52656698226929
Gì”¸ -> çœ,-0.13784154325185227,dna,,3955,391,387,44.191102504730225
êˆŽT -> é½‡,-0.13811869224809925,dna,,3954,392,388,44.26093411445618
ð¤½ T -> ð¦Š¥,-0.1344310430904443,dna,,3953,393,389,42.35918617248535
ð ²·G -> è“,-0.13397842778795166,dna,,3952,394,390,42.35733604431152
ð­£½ç­° -> ð€—,-0.13264394784346223,dna,,3951,395,391,42.23637580871582
æ¬T -> ð§¥•,-0.13146227121615084,dna,,3950,396,392,42.28753972053528
ìž¾ð¢† -> ð£‡¥,-0.1311053256285959,dna,,3949,397,393,42.25427055358887
ð¢†ð¤› -> áš…,-0.9456373543471273,dna,,3947,398,394,42.705042362213135
ð­ƒ†ð¥€ž -> ðŸ›Ž,-0.13234260277749854,dna,,3945,399,395,42.29236841201782
Tð¢¾œ -> ð¡‡€,-0.1295796795966453,dna,,3944,400,396,42.492406368255615
è©“T -> ã¿„,-0.12585851468611509,dna,,3943,401,397,137.20324730873108
ð©ƒ¿T -> ð˜‘,-0.12212583138534683,dna,,3942,402,398,51.69327092170715
èªšð¤› -> ë¿¨,-0.101635325292591,dna,,3941,403,399,42.84652662277222
ãµ‘ð¦‘£ -> ð¤š¿,-0.10181152364020818,dna,,3940,404,400,43.66928243637085
ð ¶ãµ‘ -> ð¬€™,-0.07927680759530631,dna,,3939,405,401,51.34576725959778
ð¦‚°ð£³´ -> â·,-0.07088866168487584,dna,,3937,406,402,45.03648233413696
ð©¸Œð¬¤¿ -> ðª²´,-0.03055728113031364,dna,,3936,407,403,44.48547983169556
æ„ê‹¸ -> ð–¥—,-0.0181954241998028,dna,,3935,408,404,45.92562484741211
ð§Ž‚ð¥€ž -> é —,-0.0046191344008548185,dna,,3934,409,405,44.05630946159363
æ°¾å¤® -> ð¦¿¯,-0.001930784866999602,dna,,3933,410,406,43.60210466384888
